"","PalEON_L3","freq","Percentage4"
"1","Ash",7,10.7692307692308
"2","Cherry",6,9.23076923076923
"3","Elm",10,15.3846153846154
"4","Maple",20,30.7692307692308
"5","Oak",4,6.15384615384615
"6","Other hardwood",3,4.61538461538462
"7","Poplar",14,21.5384615384615
"8","Walnut",1,1.53846153846154
